{"Test Loss":76656.46,"_step":17,"resnet.fc.weight_hist":{"_type":"histogram","values":[622,123,34,109,218,66,32,165,274,177,139,134,75,33,10,6,0,0,0,2,1,0,0,0,1,0,1,2,1,0,3,2,0,2,2,2,0,7,2,9,10,7,23,23,33,41,32,23,24,20,15,13,8,6,5,6,6,4,3,0,1,0,1,2],"bins":[-0.04125859960913658,0.0772981122136116,0.19585482776165009,0.31441155076026917,0.43296825885772705,0.5515249371528625,0.6700816750526428,0.7886384129524231,0.9071950912475586,1.0257518291473389,1.1443085670471191,1.2628651857376099,1.3814219236373901,1.4999786615371704,1.6185353994369507,1.737092137336731,1.8556487560272217,1.974205493927002,2.0927622318267822,2.2113189697265625,2.3298757076263428,2.448432445526123,2.5669891834259033,2.6855456829071045,2.8041024208068848,2.922659158706665,3.0412158966064453,3.1597726345062256,3.278329372406006,3.396886110305786,3.5154428482055664,3.6339995861053467,3.752556085586548,3.871112823486328,3.9896695613861084,4.108226299285889,4.226783275604248,4.345339775085449,4.46389627456665,4.58245325088501,4.701009750366211,4.81956672668457,4.9381232261657715,5.056680202484131,5.175236701965332,5.293793678283691,5.412350177764893,5.530906677246094,5.649463653564453,5.768020153045654,5.886577129364014,6.005133628845215,6.123690605163574,6.242247104644775,6.360804080963135,6.479360580444336,6.597917079925537,6.7164740562438965,6.835030555725098,6.953587532043457,7.072144031524658,7.190701007843018,7.309257507324219,7.427814483642578,7.546370983123779]},"resnet.fc.bias_hist":{"_type":"histogram","values":[1,0,0,0,0,0,0,1,0,0,0,0,0,0,0,0,0,1,0,0,0,0,0,0,0,0,0,0,0,0,0,0,0,0,0,0,0,0,0,0,0,0,0,0,0,0,0,0,0,0,0,0,0,0,0,0,0,0,0,0,0,0,0,2],"bins":[0.006686421576887369,0.007662968710064888,0.008639516308903694,0.0096160639077425,0.010592610575258732,0.011569158174097538,0.012545705772936344,0.013522252440452576,0.014498800039291382,0.015475347638130188,0.016451895236968994,0.0174284428358078,0.018404990434646606,0.019381536170840263,0.02035808376967907,0.021334631368517876,0.022311178967356682,0.023287726566195488,0.024264274165034294,0.0252408217638731,0.026217367500066757,0.027193915098905563,0.02817046269774437,0.029147010296583176,0.030123557895421982,0.031100105494260788,0.032076653093099594,0.0330532006919384,0.034029748290777206,0.03500629588961601,0.03598283976316452,0.036959387362003326,0.03793593496084213,0.03891248255968094,0.039889030158519745,0.04086557775735855,0.04184212535619736,0.04281867295503616,0.04379522055387497,0.044771768152713776,0.04574831575155258,0.04672486335039139,0.047701410949230194,0.048677958548069,0.04965450242161751,0.050631050020456314,0.05160759761929512,0.052584145218133926,0.05356069281697273,0.05453724041581154,0.055513788014650345,0.05649033561348915,0.05746688321232796,0.05844343081116676,0.05941997841000557,0.060396526008844376,0.06137307360768318,0.06234962120652199,0.0633261650800705,0.0643027126789093,0.06527926027774811,0.06625580787658691,0.06723235547542572,0.06820890307426453,0.06918545067310333]},"resnet.fc.weight_mean":1.2614754438400269,"Epoch":6,"Test Accuracy":14.909090909090908,"resnet.fc.weight_std":1.7181955575942993,"_timestamp":1.7319676514628453e+09,"_wandb":{"runtime":256},"resnet.fc.bias_std":0.030252724885940552,"_runtime":246.543907368,"Training Loss":83.01073290904363,"resnet.fc.bias_mean":0.03663187846541405}